,ID,Label
0,YoutubeCorpus37,NGEN
1,C37.1,NGEN
2,C37.2,NGEN
3,C37.3,NGEN
4,C37.4,NGEN
5,C37.4.1,NGEN
6,C37.4.2,NGEN
7,C37.5,NGEN
8,C37.5.1,NGEN
9,C37.6,NGEN
10,C37.6.1,GEN
11,C37.6.2,NGEN
12,C37.6.3,GEN
13,C37.6.4,NGEN
14,C37.7,GEN
15,C37.7.1,GEN
16,C37.7.2,NGEN
17,C37.7.3,GEN
18,C37.7.4,NGEN
19,C37.8,NGEN
20,C37.8.1,NGEN
21,C37.8.2,NGEN
22,C37.9,NGEN
23,C37.9.1,NGEN
24,C37.10,NGEN
25,C37.10.1,NGEN
26,C37.10.2,NGEN
27,C37.11,NGEN
28,C37.12,NGEN
29,C37.12.1,NGEN
30,C37.12.2,NGEN
31,C37.12.3,GEN
32,C37.13,NGEN
33,C37.13.1,GEN
34,C37.14,NGEN
35,C37.14.1,NGEN
36,C37.14.2,NGEN
37,C37.15,NGEN
38,C37.15.1,NGEN
39,C37.15.2,NGEN
40,C37.16,NGEN
41,Youtube Corpus 52,NGEN
42,C52.1,NGEN
43,C52.2,NGEN
44,C52.3,NGEN
45,C52.4,NGEN
46,C52.5,NGEN
47,C52.7.1,NGEN
48,C52.8,NGEN
49,C52.8.1,NGEN
50,C52.8.2,NGEN
51,C52.9,NGEN
52,C52.11,NGEN
53,C52.12,NGEN
54,C52.13,NGEN
55,C52.16,NGEN
56,C52.16.1,NGEN
57,C52.20,NGEN
58,C52.21,NGEN
59,C52.22,NGEN
60,C52.23,NGEN
61,C52.24,NGEN
62,C52.25,NGEN
63,C52.25.1,NGEN
64,C52.26.1,NGEN
65,C52.30,NGEN
66,C52.35.1,NGEN
67,C52.37,NGEN
68,C52.38,NGEN
69,C52.40,NGEN
70,C52.40.1,NGEN
71,C52.40.2,NGEN
72,C52.40.3,NGEN
73,C52.42,NGEN
74,C52.42.1,NGEN
75,C52.43.1,NGEN
76,C52.45,NGEN
77,C52.46,NGEN
78,C52.49.1,NGEN
79,C52.49.2,NGEN
80,C52.50.1,NGEN
81,C52.51,NGEN
82,C52.54,NGEN
83,C52.54.1,NGEN
84,C52.57,NGEN
85,C52.58,NGEN
86,C52.59,NGEN
87,C52.60,NGEN
88,C52.63,NGEN
89,C52.65.1,NGEN
90,C52.68.1,NGEN
91,C52.69,NGEN
92,C52.70,NGEN
93,C52.70.1,NGEN
94,C52.70.2,NGEN
95,C52.70.3,NGEN
96,C52.74.1,NGEN
97,C52.75.1,NGEN
98,C52.76,NGEN
99,C52.77,NGEN
100,C52.78,NGEN
101,C52.86.1,NGEN
102,C52.86.2,NGEN
103,C52.87,NGEN
104,C52.88,NGEN
105,C52.89.1,NGEN
106,C52.90.1,NGEN
107,C52.91.2,NGEN
108,C52.91.4,NGEN
109,C52.92.1,NGEN
110,C52.96,NGEN
111,C52.96.1,NGEN
112,C52.97,NGEN
113,C52.97.1,NGEN
114,C52.97.2,NGEN
115,C52.97.3,NGEN
116,C52.98,NGEN
117,C52.103,NGEN
118,C52.104.2,NGEN
119,C52.105,NGEN
120,C52.105.1,NGEN
121,C52.106,NGEN
122,C52.106.1,NGEN
123,C52.107,NGEN
124,C52.108.1,NGEN
125,C52.111.1,NGEN
126,C52.112,NGEN
127,C52.113,NGEN
128,C52.114.4,NGEN
129,C52.116,NGEN
130,C52.116.1,NGEN
131,C52.117,NGEN
132,C52.121,NGEN
133,C52.121.1,NGEN
134,C52.121.2,NGEN
135,C52.123,NGEN
136,C52.124,NGEN
137,C52.126.1,NGEN
138,C52.128,NGEN
139,C52.129,NGEN
140,C52.130,NGEN
141,C52.130.1,NGEN
142,C52.132.2,NGEN
143,C52.134,NGEN
144,C52.134.1,NGEN
145,C52.134.2,NGEN
146,C52.136.1,NGEN
147,C52.137.1,NGEN
148,C52.137.3,NGEN
149,C52.139.2,NGEN
150,C52.139.5,NGEN
151,C52.141,NGEN
152,C52.141.1,NGEN
153,C52.141.3,NGEN
154,C52.141.4,NGEN
155,C52.143,NGEN
156,C52.143.2,NGEN
157,Youtube Corpus 53,NGEN
158,C53.2,NGEN
159,C53.4.1,NGEN
160,C53.5,NGEN
161,C53.11.1,NGEN
162,C53.11.4,NGEN
163,C53.13.1,NGEN
164,Youtube Corpus 60,NGEN
165,C60.1.1,NGEN
166,C60.1.3,NGEN
167,C60.1.5,NGEN
168,C60.5,NGEN
169,C60.8,NGEN
170,C60.9,NGEN
171,C60.13,NGEN
172,C60.21,NGEN
173,C60.27,NGEN
174,C60.29,NGEN
175,C60.33,NGEN
176,C60.34,NGEN
177,C60.35,NGEN
178,C60.36,NGEN
179,C60.39,NGEN
180,C60.48,NGEN
181,C60.58,NGEN
182,C60.68,NGEN
183,C60.69,NGEN
184,C60.70,NGEN
185,C60.79,NGEN
186,C60.82,NGEN
187,C60.91,NGEN
188,C60.109,NGEN
189,C60.110,NGEN
190,C60.111,NGEN
191,C60.112,NGEN
192,C60.117,NGEN
193,C60.127,NGEN
194,C60.134,NGEN
195,C60.136,NGEN
196,C60.137,NGEN
197,C60.145,NGEN
198,C60.154,NGEN
199,C60.155,NGEN
200,C60.159,NGEN
201,C60.160,NGEN
202,C60.161,NGEN
203,C60.167,NGEN
204,C60.171,NGEN
205,C60.175,NGEN
206,C60.177,NGEN
207,C60.178,NGEN
208,C60.180,NGEN
209,C60.184,NGEN
210,C60.193,NGEN
211,C60.195,NGEN
212,C60.197,NGEN
213,C60.206,NGEN
214,C60.207,NGEN
215,C60.209,NGEN
216,C60.213,NGEN
217,C60.218,NGEN
218,C60.220,NGEN
219,C60.221,NGEN
220,C60.224,NGEN
221,C60.227,NGEN
222,C60.235,NGEN
223,C60.240,NGEN
224,C60.242,NGEN
225,C60.244,NGEN
226,C60.257,NGEN
227,C60.258,NGEN
228,C60.263,NGEN
229,C60.266,NGEN
230,C60.267,NGEN
231,C60.270,NGEN
232,C60.279,NGEN
233,C60.286,NGEN
234,C60.287,NGEN
235,C60.296,NGEN
236,C60.298,NGEN
237,C60.299,NGEN
238,C60.300,NGEN
239,C60.305,NGEN
240,C60.314,NGEN
241,C60.321,NGEN
242,C60.322,NGEN
243,C60.325,NGEN
244,C60.326,NGEN
245,C60.331,NGEN
246,C60.333,NGEN
247,C60.335,NGEN
248,C60.339,NGEN
249,C60.342,NGEN
250,C60.344,NGEN
251,C60.345,NGEN
252,C60.347,NGEN
253,C60.348,NGEN
254,C60.352,NGEN
255,C60.355,NGEN
256,C60.357,NGEN
257,C60.359,NGEN
258,C60.360,NGEN
259,C60.367,NGEN
260,C60.370,NGEN
261,C60.372,NGEN
262,C60.373,NGEN
263,C60.384,NGEN
264,C60.389,NGEN
265,C60.394,NGEN
266,C60.396,NGEN
267,C60.398,NGEN
268,C60.406,NGEN
269,C60.408,NGEN
270,C60.426,NGEN
271,C60.428,NGEN
272,C60.430,NGEN
273,C60.432.1,NGEN
274,C60.432.3,NGEN
275,C60.434,NGEN
276,C60.436,NGEN
277,C60.439,NGEN
278,C60.441,NGEN
279,C60.450,NGEN
280,C60.452,NGEN
281,C60.465,NGEN
282,C60.466,NGEN
283,C60.471,NGEN
284,C60.472,NGEN
285,C60.474,NGEN
286,C60.475,NGEN
287,C60.478,NGEN
288,C60.481,NGEN
289,C60.482,NGEN
290,C60.483,NGEN
291,C60.486,NGEN
292,C60.487,NGEN
293,C60.495.2,NGEN
294,C60.495.4,NGEN
295,C60.496,NGEN
296,C60.499,NGEN
297,C60.506,NGEN
298,C60.513,NGEN
299,C60.519,NGEN
300,C60.522,NGEN
301,C60.523,NGEN
302,C60.526,NGEN
303,C60.528,NGEN
304,C60.531,NGEN
305,C60.538,NGEN
306,C60.539,NGEN
307,C60.540,NGEN
308,C18.52,NGEN
309,C24.24.1,NGEN
310,C24.29,NGEN
311,C24.33,NGEN
312,C24.41,NGEN
313,C24.49,GEN
314,C24.68,NGEN
315,C24.75,NGEN
316,C24.80.2,GEN
317,C24.80.4,NGEN
318,C24.80.5,NGEN
319,C24.84,NGEN
320,C24.90,NGEN
321,C24.92.1,NGEN
322,C24.96.2,GEN
323,C24.96.3,NGEN
324,C24.116,NGEN
325,C24.121,NGEN
326,C24.124,NGEN
327,C24.126,NGEN
328,C24.134,NGEN
329,C24.134.1,GEN
330,C24.136,NGEN
331,C24.142,NGEN
332,C24.145,GEN
333,C24.147,NGEN
334,C24.149,NGEN
335,C24.150,NGEN
336,C24.155,NGEN
337,C24.155.2,NGEN
338,C24.165,GEN
339,C24.167,NGEN
340,C24.178,NGEN
341,C24.179.3,NGEN
342,C24.179.4,NGEN
343,C24.179.5,NGEN
344,C24.180,NGEN
345,C24.184,NGEN
346,C24.192,NGEN
347,C24.194.2,NGEN
348,C24.195,NGEN
349,C24.197.1,NGEN
350,C24.199,NGEN
351,C24.200,NGEN
352,C24.202,NGEN
353,C24.203,GEN
354,C24.215.1,GEN
355,C24.218,NGEN
356,C24.222,NGEN
357,C24.224,NGEN
358,C24.227,NGEN
359,C24.232,GEN
360,C24.238,NGEN
361,C24.245,NGEN
362,C24.249.3,NGEN
363,C24.256,NGEN
364,C24.261,GEN
365,C24.264,NGEN
366,C24.265,NGEN
367,C24.269,NGEN
368,C24.282,NGEN
369,C24.282.1,NGEN
370,C24.290,NGEN
371,C24.292,NGEN
372,C24.308,GEN
373,C24.312,NGEN
374,C24.314,NGEN
375,C24.316,NGEN
376,C24.322,NGEN
377,C24.323,GEN
378,C24.334,NGEN
379,C24.338.4,NGEN
380,C24.340,NGEN
381,C24.340.1,NGEN
382,C24.344,NGEN
383,C24.346,NGEN
384,C24.351,NGEN
385,C24.358,NGEN
386,C24.359,NGEN
387,C24.359.1,NGEN
388,C24.370,NGEN
389,C24.379,NGEN
390,C24.379.1,NGEN
391,C24.379.2,NGEN
392,C24.379.3,NGEN
393,C24.392,NGEN
394,C24.408,NGEN
395,C24.414,NGEN
396,C24.422,NGEN
397,C24.432,NGEN
398,C24.443,NGEN
399,C24.447,GEN
400,C24.454,NGEN
401,C24.457,NGEN
402,C24.471.2,NGEN
403,C24.472,NGEN
404,C24.496,NGEN
405,C24.497.1,NGEN
406,C24.500,NGEN
407,C24.509,NGEN
408,C24.510,NGEN
409,C24.512.4,NGEN
410,C24.515,NGEN
411,C24.523,NGEN
412,C24.523.2,GEN
413,C24.527,NGEN
414,C24.529,NGEN
415,C24.531,NGEN
416,C24.531.1,NGEN
417,C24.532,NGEN
418,C24.536,NGEN
419,C24.536.2,NGEN
420,C24.551,NGEN
421,C24.553,NGEN
422,C24.554,NGEN
423,C24.555,NGEN
424,C24.557,NGEN
425,C24.561,NGEN
426,C24.562,NGEN
427,C24.569,NGEN
428,C24.573,GEN
429,C24.582.1,NGEN
430,C24.582.4,NGEN
431,C24.593.2,NGEN
432,C24.598,NGEN
433,C24.606,NGEN
434,C24.611,NGEN
435,C24.615,NGEN
436,C24.619,NGEN
437,C24.627,NGEN
438,C24.630,NGEN
439,C24.633,NGEN
440,C24.634,NGEN
441,C24.635.1,NGEN
442,C24.638,NGEN
443,C24.654.1,NGEN
444,C24.662,NGEN
445,C24.663,GEN
446,C24.663.1,GEN
447,C24.669,NGEN
448,C24.671,NGEN
449,C24.676,NGEN
450,C24.692,NGEN
451,C24.695,NGEN
452,C24.696,NGEN
453,C24.707,NGEN
454,C24.709,NGEN
455,C24.710,NGEN
456,C24.714,NGEN
457,C24.717,NGEN
458,C24.735,NGEN
459,C24.740.3,NGEN
460,C24.740.5,NGEN
461,C24.742,NGEN
462,C24.748.4,NGEN
463,C24.749,NGEN
464,C24.764,NGEN
465,C24.772,NGEN
466,C24.777,NGEN
467,C24.783.1,NGEN
468,C24.783.3,NGEN
469,C24.786,NGEN
470,C24.786.1,NGEN
471,C24.786.5,NGEN
472,C24.790.1,NGEN
473,C24.799,NGEN
474,C24.800,NGEN
475,C24.805.5,NGEN
476,C24.818,NGEN
477,C24.828.1,GEN
478,C24.834,NGEN
479,C24.834.1,NGEN
480,C24.835,NGEN
481,C24.836.1,NGEN
482,C24.837,NGEN
483,C24.837.3,NGEN
484,C24.845.1,NGEN
485,C24.846.4,NGEN
486,C24.852.2,GEN
487,C24.852.3,NGEN
488,C24.854.3,NGEN
489,C24.858,NGEN
490,C24.866.4,GEN
491,C24.868,NGEN
492,C24.869.1,NGEN
493,C24.869.2,NGEN
494,C24.869.4,NGEN
495,C24.869.5,NGEN
496,C24.871,NGEN
497,C24.880,NGEN
498,C24.889,NGEN
499,C24.896,GEN
500,C24.896.1,NGEN
501,C24.896.3,NGEN
502,C24.916,NGEN
503,C24.916.1,NGEN
504,C24.918,NGEN
505,C24.933,NGEN
506,C24.938,GEN
507,C24.940,NGEN
508,C24.949,NGEN
509,C24.963,NGEN
510,C24.966,NGEN
511,C24.967,NGEN
512,C24.971,GEN
513,C24.985,NGEN
514,C24.989,NGEN
515,C24.1010,NGEN
516,C24.1021,NGEN
517,C24.1023,NGEN
518,C24.1029,NGEN
519,C24.1036.1,NGEN
520,C24.1041,NGEN
521,C24.1043,NGEN
522,C24.1046,GEN
523,C24.1049,NGEN
524,C24.1050,NGEN
525,C24.1051,NGEN
526,C24.1060,NGEN
527,C24.1060.1,NGEN
528,C24.1060.2,NGEN
529,C24.1076,NGEN
530,C24.1077,NGEN
531,C24.1080,NGEN
532,C24.1084,NGEN
533,C24.1106,NGEN
534,C24.1113,NGEN
535,C24.1118,NGEN
536,C24.1127.2,NGEN
537,C24.1127.3,NGEN
538,C24.1140,NGEN
539,C24.1156,NGEN
540,C24.1162,NGEN
541,C24.1167,NGEN
542,C24.1170,NGEN
543,C24.1171,NGEN
544,C24.1180,NGEN
545,C24.1181,NGEN
546,C24.1185,NGEN
547,C24.1187,NGEN
548,C24.1188,NGEN
549,C24.1193,NGEN
550,C24.1196,NGEN
551,C24.1204.5,NGEN
552,C24.1206,GEN
553,C24.1208.1,NGEN
554,C24.1211,NGEN
555,C24.1228,NGEN
556,C24.1228.1,GEN
557,C24.1233,NGEN
558,C24.1244,NGEN
559,C24.1248,NGEN
560,C24.1248.1,NGEN
561,C24.1252,NGEN
562,C24.1256,NGEN
563,C24.1258.1,NGEN
564,C24.1259.1,GEN
565,C24.1263,NGEN
566,C24.1265,NGEN
567,C24.1269,NGEN
568,C24.1273.3,NGEN
569,C24.1274,NGEN
570,C24.1278,NGEN
571,C24.1278.2,NGEN
572,C24.1278.4,NGEN
573,C24.1282,NGEN
574,C24.1293,GEN
575,C24.1297,NGEN
576,C24.1304,NGEN
577,C24.1320,NGEN
578,C24.1326,NGEN
579,C24.1334,NGEN
580,C24.1336,NGEN
581,C24.1347,NGEN
582,C24.1354.1,NGEN
583,C24.1354.3,NGEN
584,C24.1354.4,NGEN
585,C24.1364,NGEN
586,C24.1371,NGEN
587,C24.1373,NGEN
588,C24.1385,NGEN
589,C24.1397,NGEN
590,C24.1400,NGEN
591,C24.1404,NGEN
592,C24.1435,NGEN
593,C24.1439,NGEN
594,C24.1441,NGEN
595,C24.1443,NGEN
596,C24.1446,NGEN
597,C24.1449,NGEN
598,C24.1479,NGEN
599,C24.1481,NGEN
600,C24.1498,NGEN
601,C24.1522,NGEN
602,C24.1530,GEN
603,C24.1548,NGEN
604,C24.1554,NGEN
605,C24.1562,NGEN
606,C24.1584,NGEN
607,C24.1604,NGEN
608,C24.1608,NGEN
609,C24.1608.1,NGEN
610,C24.1612,NGEN
611,C24.1624,GEN
612,C24.1624.2,NGEN
613,C24.1627,NGEN
614,C24.1632,NGEN
615,C24.1642,NGEN
616,C24.1643,NGEN
617,C24.1659,NGEN
618,C24.1672,NGEN
619,C24.1680,NGEN
620,C24.1691,NGEN
621,C24.1693,NGEN
622,C24.1695,NGEN
623,C24.1700.2,NGEN
624,C24.1704,NGEN
625,C24.1710,NGEN
626,C24.1717,NGEN
627,C24.1719,NGEN
628,C24.1724,NGEN
629,C24.1731,NGEN
630,C24.1732,NGEN
631,C24.1745,NGEN
632,C24.1748,NGEN
633,C24.1748.2,NGEN
634,C24.1766,NGEN
635,C24.1784,NGEN
636,C24.1792,NGEN
637,C24.1814.1,NGEN
638,C24.1814.2,NGEN
639,C24.1814.3,NGEN
640,C24.1820,NGEN
641,C24.1837,NGEN
642,C24.1855,NGEN
643,C24.1858,NGEN
644,C24.1882,NGEN
645,C24.1900,NGEN
646,C24.1911,NGEN
647,C24.1923,NGEN
648,C24.1925,NGEN
649,C24.1926,NGEN
650,C24.1959,NGEN
651,C24.1965,GEN
652,C24.1968,NGEN
653,C24.2001,NGEN
654,C24.2017,GEN
655,C24.2020,NGEN
656,C24.2022,NGEN
657,C24.2035.1,NGEN
658,C24.2079,NGEN
659,C24.2092,NGEN
660,C24.2095,NGEN
661,C24.2100,GEN
662,C24.2102,NGEN
663,C24.2103.1,NGEN
664,C24.2154,GEN
665,C24.2176,NGEN
666,C24.2192,NGEN
667,C24.2217,NGEN
668,C24.2236,GEN
669,C24.2293,NGEN
670,C24.2296,NGEN
671,C24.2317.5,NGEN
672,C24.2327,NGEN
673,C24.2328,NGEN
674,C24.2329,NGEN
675,C24.2366,GEN
676,C24.2378,NGEN
677,C24.2379,GEN
678,C24.2386,NGEN
679,C24.2387,NGEN
680,C24.2421,NGEN
681,C24.2426,NGEN
682,C24.2446,NGEN
683,C24.2460.1,NGEN
684,C24.2468,NGEN
685,C24.2474,NGEN
686,C24.2476,NGEN
687,C24.2488,NGEN
688,C24.2504,NGEN
689,C24.2534,NGEN
690,C24.2539,GEN
691,C24.2628,NGEN
692,C24.2637,NGEN
693,C24.2641.1,NGEN
694,C24.2670,NGEN
695,C24.2710,NGEN
696,C24.2721,GEN
697,C24.2727,NGEN
698,C24.2733.2,NGEN
699,C24.2747,NGEN
700,C24.2765.2,NGEN
701,C24.2768,NGEN
702,C24.2784,NGEN
703,C24.2789,NGEN
704,C24.2792,NGEN
705,C24.2809,NGEN
706,C24.2821,NGEN
707,C24.2826,NGEN
708,C24.2839,NGEN
709,C24.2842,NGEN
710,C24.2845,GEN
711,C24.2846,NGEN
712,C24.2853,NGEN
713,C24.2858.1,NGEN
714,C24.2889,NGEN
715,C24.2912.3,NGEN
716,C24.2915.3,NGEN
717,C24.2926,GEN
718,C24.2944,NGEN
719,C24.2964,NGEN
720,C24.2997,NGEN
721,C24.3031,NGEN
722,C24.3060,GEN
723,C24.3069,NGEN
724,C24.3077.1,NGEN
725,C24.3078,NGEN
726,C24.3082,NGEN
727,C24.3144,NGEN
728,C24.3203,NGEN
729,C24.3254,NGEN
730,C24.3277,NGEN
731,C24.3296.1,NGEN
732,C24.3371,NGEN
733,C24.3382,NGEN
734,C24.3422,GEN
735,C24.3442,NGEN
736,C24.3446,GEN
737,C24.3472,NGEN
738,C24.3473,NGEN
739,C24.3836,NGEN
740,C24.3896,NGEN
741,C24.3920,NGEN
742,C24.3933,NGEN
743,C24.4033,GEN
744,C24.4250,NGEN
745,C24.4264,NGEN
746,C24.4420,NGEN
747,C24.4714,NGEN
748,C24.4765,NGEN
749,C39.6,NGEN
750,C39.26,NGEN
751,C39.44,NGEN
752,C39.45,NGEN
753,C39.56,NGEN
754,C39.79,NGEN
755,C39.97,NGEN
756,C8.236,NGEN
757,C8.315,NGEN
758,C8.764,NGEN
759,C8.1256,NGEN
760,C8.1386,NGEN
761,C8.1441,NGEN
762,C8.1454,NGEN
763,C8.1683,NGEN
764,C8.2151,NGEN
765,C8.2195,GEN
766,C8.2417,GEN
767,C8.2444,GEN
768,C8.2454,NGEN
769,C8.3001,GEN
770,C8.3053,GEN
771,C8.3535,GEN
772,C8.4325.2,NGEN
773,C8.4563,GEN
774,C8.6044,NGEN
775,C8.6424,NGEN
776,C8.6603,NGEN
777,C8.6950.3,NGEN
778,C8.7177,NGEN
779,C8.8104,NGEN
780,C8.9270.2,NGEN
781,C8.9311.3,NGEN
782,C8.9418,NGEN
783,C8.9587,NGEN
784,C8.9632,NGEN
785,C8.10334,NGEN
786,C8.10776,NGEN
787,C8.10920,NGEN
788,C8.11000,NGEN
789,C8.11423.2,NGEN
790,C8.12427,NGEN
791,C8.12923,NGEN
792,C8.12952.1,GEN
793,C8.13071,NGEN
794,C8.13096,NGEN
795,C8.13548,NGEN
796,C8.13573,NGEN
797,C8.14130,NGEN
798,C8.14399,NGEN
799,C8.15006,NGEN
800,C8.15395,NGEN
801,C8.16291,NGEN
802,C8.16820.2,NGEN
803,C40.4,NGEN
804,C40.7,NGEN
805,C40.18,NGEN
806,C40.36,NGEN
807,C40.37,NGEN
808,C40.46,GEN
809,C40.47.1,NGEN
810,C40.52,NGEN
811,C40.59.3,NGEN
812,C40.81,GEN
813,C40.83,GEN
814,C40.87,NGEN
815,C40.116.1,NGEN
816,C40.131,NGEN
817,C40.150,NGEN
818,C40.169,NGEN
819,C41.40,NGEN
820,C41.85,GEN
821,C41.92,NGEN
822,C41.99,NGEN
823,C41.114,NGEN
824,C41.121.1,GEN
825,C41.123,NGEN
826,C41.138,NGEN
827,C41.178,NGEN
828,C41.190,NGEN
829,C41.193,NGEN
830,C41.205,NGEN
831,C41.228,GEN
832,C41.231.2,GEN
833,C41.244,NGEN
834,C41.282.2,NGEN
835,C41.324,GEN
836,C41.352.3,NGEN
837,C41.352.4,GEN
838,C41.370,NGEN
839,C41.393.1,GEN
840,C41.394,NGEN
841,C41.417.1,NGEN
842,C41.418.5,NGEN
843,C41.433.1,NGEN
844,C6.235,NGEN
845,C6.570,NGEN
846,C6.2356,NGEN
847,C6.2877,NGEN
848,C6.3537.1,NGEN
849,C17.176,NGEN
850,C17.216.1,NGEN
851,C17.231.1,NGEN
852,C17.236.2,NGEN
853,C17.256.2,NGEN
854,C17.260.1,NGEN
855,C3.301,NGEN
856,C35.2,NGEN
857,C35.37,GEN
858,C35.47.4,GEN
859,C35.50,NGEN
860,C35.60,GEN
861,C35.71,GEN
862,C35.78,NGEN
863,C35.78.1,NGEN
864,C35.78.3,GEN
865,C35.80,GEN
866,C35.83,NGEN
867,C35.84,NGEN
868,C35.86,NGEN
869,C35.88,GEN
870,C35.89,NGEN
871,C35.89.1,GEN
872,C35.97,NGEN
873,C35.102.1,NGEN
874,C35.121,GEN
875,C16.65,NGEN
876,C16.82,NGEN
877,C60.548,NGEN
878,C60.553,NGEN
879,C60.554,NGEN
880,C60.557,NGEN
881,C60.559,NGEN
882,C60.567,NGEN
883,C60.567.1,NGEN
884,C60.567.2,NGEN
885,C60.574,GEN
886,C60.576,NGEN
887,C60.581,NGEN
888,C60.585,NGEN
889,C60.586,NGEN
890,C60.587,NGEN
891,C60.591,NGEN
892,C60.596,NGEN
893,C60.600,NGEN
894,C60.606,NGEN
895,C60.607,NGEN
896,C60.612,NGEN
897,C60.621,NGEN
898,C60.625,NGEN
899,C60.637.1,NGEN
900,C60.637.2,NGEN
901,C60.637.3,NGEN
902,C60.638,NGEN
903,C60.640,NGEN
904,C60.641,NGEN
905,C60.643,NGEN
906,C60.644,NGEN
907,C60.664,NGEN
908,C60.667,NGEN
909,C60.674,NGEN
910,C60.681,NGEN
911,C60.683,NGEN
912,C60.689,NGEN
913,C60.693,NGEN
914,C60.694,NGEN
915,C60.698,NGEN
916,C60.699.2,NGEN
917,C60.706,NGEN
918,C60.713,NGEN
919,C60.714,NGEN
920,C60.715,NGEN
921,C60.720.1,NGEN
922,C60.721,NGEN
923,C60.728,NGEN
924,C60.729,NGEN
925,C60.730.1,NGEN
926,C60.735,NGEN
927,C60.737,NGEN
928,C60.740,NGEN
929,C60.741,NGEN
930,C60.750,NGEN
931,C60.759,NGEN
932,C60.764,NGEN
933,C60.766,NGEN
934,C60.771,NGEN
935,C60.774,NGEN
936,C60.777,NGEN
937,C60.778,NGEN
938,C60.779,NGEN
939,C60.787,NGEN
940,C60.794,NGEN
941,C60.799,NGEN
942,C60.802,NGEN
943,C60.803,NGEN
944,C60.812,NGEN
945,C60.820,NGEN
946,C60.820.1,NGEN
947,C60.821,NGEN
948,C60.834,NGEN
949,C60.848,NGEN
950,C60.849,NGEN
951,C60.866,NGEN
952,C60.867,NGEN
953,C60.870.1,NGEN
954,C60.872,NGEN
955,C60.873,NGEN
956,C60.881,NGEN
957,C60.885,NGEN
958,C60.889,NGEN
959,C60.890,NGEN
960,C60.893,NGEN
961,C60.896,NGEN
962,C60.901,NGEN
963,C60.903,NGEN
964,C60.912,NGEN
965,C60.919,NGEN
966,C60.940,NGEN
967,C60.941,NGEN
968,C60.944,NGEN
969,C60.948,NGEN
970,C60.950.1,NGEN
971,C60.952,NGEN
972,C60.956,NGEN
973,C60.961.1,NGEN
974,C60.962,NGEN
975,C60.965,NGEN
976,C60.966,NGEN
977,C60.977,NGEN
978,C60.978,NGEN
979,C60.980,NGEN
980,C60.982,NGEN
981,C60.984,NGEN
982,C60.985,NGEN
983,C60.988,NGEN
984,C60.990,NGEN
985,C60.993,NGEN
986,C60.995.1,NGEN
987,C60.997,NGEN
988,C60.999,NGEN
989,C60.1002,NGEN
990,C60.1003,NGEN
991,C60.1016,NGEN
992,C60.1023.1,NGEN
993,C60.1025,NGEN
994,C60.1028.1,NGEN
995,C60.1036,NGEN
996,C60.1037,NGEN
997,C60.1038,NGEN
998,C60.1039,NGEN
999,C60.1042,NGEN
1000,C60.1043,NGEN
1001,C60.1044,NGEN
1002,C60.1045,NGEN
1003,C60.1045.1,NGEN
1004,C60.1047,NGEN
1005,Youtube Corpus 51,NGEN
1006,C51.1,NGEN
1007,C51.4,NGEN
1008,C51.6,NGEN
1009,C51.7,NGEN
1010,C51.8,NGEN
1011,C51.17,NGEN
1012,C51.19,NGEN
1013,C51.22,NGEN
1014,C51.23,NGEN
1015,C51.24.1,NGEN
1016,C51.24.4,NGEN
1017,C51.28,NGEN
1018,C51.29.2,NGEN
1019,C51.30,NGEN
1020,C51.31,NGEN
1021,C51.33.2,NGEN
1022,C51.34,NGEN
1023,C51.35.4,NGEN
1024,C51.35.5,NGEN
1025,C51.37,NGEN
1026,C51.39.2,NGEN
1027,YoutubeCorpus18,NGEN
1028,C18.1,NGEN
1029,C18.2,NGEN
1030,C18.3,NGEN
1031,C18.4,NGEN
1032,C18.7,NGEN
1033,C18.9,NGEN
1034,C18.10,NGEN
1035,C18.11,NGEN
1036,C18.12,NGEN
1037,C18.13,NGEN
1038,C18.16,NGEN
1039,C18.17,NGEN
1040,C18.18,NGEN
1041,C18.19,NGEN
1042,C18.20,NGEN
1043,C18.21,NGEN
1044,C18.22,NGEN
1045,C18.23,NGEN
1046,C18.24,NGEN
1047,C18.25,NGEN
1048,C18.26,NGEN
1049,C18.27,NGEN
1050,C18.28,NGEN
1051,C18.29,NGEN
1052,C18.31,NGEN
1053,C18.32,NGEN
1054,C18.33,NGEN
1055,C18.34,NGEN
1056,C18.35,NGEN
1057,C18.36,NGEN
1058,C18.37,NGEN
1059,C18.38,NGEN
1060,C18.39,NGEN
1061,C18.40,NGEN
1062,C18.41,NGEN
1063,C18.42,NGEN
1064,C18.43,NGEN
1065,C18.44,NGEN
1066,C18.45,NGEN
1067,C18.46,NGEN
1068,C18.47,NGEN
1069,C18.47.1,NGEN
1070,C18.49,NGEN
1071,C18.50,NGEN
1072,C18.53,NGEN
1073,C18.54,NGEN
1074,C18.55,NGEN
1075,C18.56,NGEN
1076,C18.57,NGEN
1077,C18.59,NGEN
1078,C18.59.2,NGEN
1079,C18.59.3,NGEN
1080,C18.59.5,NGEN
1081,C18.60,NGEN
1082,C18.61,NGEN
1083,C18.62,NGEN
1084,C18.63,NGEN
1085,C18.66,NGEN
1086,C18.66.1,NGEN
1087,C18.66.2,NGEN
1088,C18.66.4,NGEN
1089,C18.67,NGEN
1090,C18.68,NGEN
1091,C18.68.1,NGEN
1092,C18.68.2,NGEN
1093,C18.68.3,NGEN
1094,C18.69,NGEN
1095,C18.70,NGEN
1096,C18.70.1,NGEN
1097,C18.70.2,NGEN
1098,C18.71,NGEN
1099,C18.72,NGEN
1100,C18.73,NGEN
1101,C18.74,NGEN
1102,C18.75,NGEN
1103,C18.75.1,NGEN
1104,C18.75.2,NGEN
1105,C18.76,NGEN
1106,C18.77,NGEN
1107,C18.78,NGEN
1108,C18.79,NGEN
1109,C18.80,NGEN
1110,C18.80.1,NGEN
1111,C18.80.2,NGEN
1112,C18.80.3,NGEN
1113,C18.80.4,NGEN
1114,C18.80.5,NGEN
1115,C18.81,NGEN
1116,C18.81.1,NGEN
1117,C18.82,NGEN
1118,C18.83,NGEN
1119,C18.83.1,NGEN
1120,C18.84,NGEN
1121,C18.85,NGEN
1122,C18.85.1,NGEN
1123,C18.85.2,NGEN
1124,C18.85.3,NGEN
1125,C18.85.4,NGEN
1126,C18.85.5,NGEN
1127,C18.87,NGEN
1128,C18.87.1,NGEN
1129,C18.87.2,NGEN
1130,C18.87.3,NGEN
1131,C18.88,NGEN
1132,C18.88.1,NGEN
1133,C18.88.2,NGEN
1134,C18.88.3,NGEN
1135,C18.88.4,NGEN
1136,C18.88.5,NGEN
1137,C18.89,NGEN
1138,C18.90,NGEN
1139,YoutubeCorpus24,NGEN
1140,C24.1,NGEN
1141,C24.2,NGEN
1142,C24.3,NGEN
1143,C24.5,NGEN
1144,C24.6.1,NGEN
1145,C24.7,NGEN
1146,C24.8,NGEN
1147,C24.9,NGEN
1148,C24.10,NGEN
1149,C24.10.1,NGEN
1150,C24.11,NGEN
1151,C24.12,NGEN
1152,C24.12.1,NGEN
1153,C24.13,NGEN
1154,C24.14,NGEN
1155,C24.14.1,NGEN
1156,C24.14.2,NGEN
1157,C24.15,NGEN
1158,C24.15.1,NGEN
1159,C24.17,NGEN
1160,C24.19,NGEN
1161,C24.20,NGEN
1162,C24.21,NGEN
1163,C24.22,NGEN
1164,C24.24,NGEN
1165,C24.25,NGEN
1166,C24.26,NGEN
1167,C24.28,NGEN
1168,C24.29.1,NGEN
1169,C24.29.2,NGEN
1170,C24.30,NGEN
1171,C24.30.1,NGEN
1172,C24.30.2,NGEN
1173,C24.30.3,NGEN
1174,C24.31,NGEN
1175,C24.31.1,NGEN
1176,C24.32,NGEN
1177,C24.34,NGEN
1178,C24.35,NGEN
1179,C24.35.1,NGEN
1180,C24.36,NGEN
1181,C24.37,NGEN
1182,C24.38,NGEN
1183,C24.39,NGEN
1184,C24.40,NGEN
1185,C24.41.1,NGEN
1186,C24.42,NGEN
1187,C24.43,NGEN
1188,C24.43.1,NGEN
1189,C24.44,NGEN
1190,C24.46,NGEN
1191,C24.47,NGEN
1192,C24.47.1,NGEN
1193,C24.47.2,NGEN
1194,C24.47.3,NGEN
1195,C24.47.4,GEN
1196,C24.47.5,NGEN
1197,C24.48,NGEN
1198,C24.50,NGEN
1199,C24.50.1,NGEN
